"timestamp_utc","endpoint","http_status","outcome","elapsed_ms"
"2026-08-01T09:39:27.3255498Z","/health","200","success","34"
"2026-08-01T09:39:27.3404984Z","/health","200","success","30"
"2026-08-01T09:39:27.3563694Z","/health","200","success","31"
"2026-08-01T09:39:27.3563694Z","/ready","200","success","65"
"2026-08-01T09:39:27.3563694Z","/health","200","success","16"
"2026-08-01T09:39:27.3713808Z","/ready","200","success","31"
"2026-08-01T09:39:27.3713808Z","/ready","200","success","61"
"2026-08-01T09:39:27.3713808Z","/health","200","success","15"
"2026-08-01T09:39:27.3866448Z","/health","200","success","15"
"2026-08-01T09:39:27.3866448Z","/ready","200","success","61"
"2026-08-01T09:39:27.3866448Z","/ready","200","success","30"
"2026-08-01T09:39:27.4018329Z","/ready","200","success","15"
"2026-08-01T09:39:27.4018329Z","/ready","200","success","30"
"2026-08-01T09:39:27.4018329Z","/health","200","success","15"
"2026-08-01T09:39:27.4172757Z","/ready","200","success","15"
"2026-08-01T09:39:27.4172757Z","/health","200","success","15"
"2026-08-01T09:39:27.4322938Z","/ready","200","success","15"
"2026-08-01T09:39:27.4322938Z","/health","200","success","15"
"2026-08-01T09:39:27.4478419Z","/ready","200","success","15"
"2026-08-01T09:39:27.4478419Z","/health","200","success","16"
"2026-08-01T09:39:27.4628450Z","/ready","200","success","15"
"2026-08-01T09:39:27.4628450Z","/health","200","success","15"
"2026-08-01T09:39:27.4788701Z","/ready","200","success","16"
"2026-08-01T09:39:27.4788701Z","/health","200","success","16"
"2026-08-01T09:39:27.4942575Z","/ready","200","success","15"
"2026-08-01T09:39:27.4942575Z","/health","200","success","15"
"2026-08-01T09:39:27.5092735Z","/ready","200","success","15"
"2026-08-01T09:39:27.5092735Z","/health","200","success","15"
"2026-08-01T09:39:27.5241027Z","/ready","200","success","15"
"2026-08-01T09:39:27.5241027Z","/health","200","success","15"
"2026-08-01T09:39:27.5391339Z","/ready","200","success","15"
"2026-08-01T09:39:27.5391339Z","/health","200","success","15"
"2026-08-01T09:39:27.5541450Z","/ready","200","success","15"
"2026-08-01T09:39:27.5541450Z","/health","200","success","15"
"2026-08-01T09:39:27.5852224Z","/ready","200","success","31"
"2026-08-01T09:39:27.5852224Z","/health","200","success","31"
"2026-08-01T09:39:27.6005731Z","/ready","200","success","15"
"2026-08-01T09:39:27.6005731Z","/health","200","success","15"
"2026-08-01T09:39:27.6154703Z","/ready","200","success","15"
"2026-08-01T09:39:27.6154703Z","/health","200","success","15"
"2026-08-01T09:39:27.6304648Z","/ready","200","success","15"
"2026-08-01T09:39:27.6304648Z","/health","200","success","15"
"2026-08-01T09:39:27.6465725Z","/ready","200","success","16"
"2026-08-01T09:39:27.6465725Z","/health","200","success","16"
"2026-08-01T09:39:27.6615660Z","/ready","200","success","15"
"2026-08-01T09:39:27.6615660Z","/health","200","success","15"
"2026-08-01T09:39:27.6775732Z","/ready","200","success","16"
"2026-08-01T09:39:27.6775732Z","/health","200","success","16"
"2026-08-01T09:39:27.6925727Z","/ready","200","success","15"
"2026-08-01T09:39:27.6925727Z","/health","200","success","15"
"2026-08-01T09:39:27.7085734Z","/ready","200","success","16"
"2026-08-01T09:39:27.7085734Z","/health","200","success","16"
"2026-08-01T09:39:27.7235730Z","/ready","200","success","15"
"2026-08-01T09:39:27.7235730Z","/health","200","success","15"
"2026-08-01T09:39:27.7386842Z","/ready","200","success","15"
"2026-08-01T09:39:27.7386842Z","/health","200","success","15"
"2026-08-01T09:39:27.7536094Z","/ready","200","success","15"
"2026-08-01T09:39:27.7536094Z","/health","200","success","15"
"2026-08-01T09:39:27.7685741Z","/ready","200","success","15"
"2026-08-01T09:39:27.7685741Z","/health","200","success","15"
"2026-08-01T09:39:27.7837377Z","/ready","200","success","15"
"2026-08-01T09:39:27.7837377Z","/health","200","success","15"
"2026-08-01T09:39:27.7986338Z","/ready","200","success","15"
"2026-08-01T09:39:27.7986338Z","/health","200","success","15"
"2026-08-01T09:39:27.8140833Z","/ready","200","success","15"
"2026-08-01T09:39:27.8140833Z","/health","200","success","15"
"2026-08-01T09:39:27.8290965Z","/ready","200","success","15"
"2026-08-01T09:39:27.8290965Z","/health","200","success","15"
"2026-08-01T09:39:27.8443723Z","/ready","200","success","15"
"2026-08-01T09:39:27.8443723Z","/health","200","success","15"
"2026-08-01T09:39:27.8593184Z","/ready","200","success","15"
"2026-08-01T09:39:27.8593184Z","/health","200","success","15"
"2026-08-01T09:39:27.8746598Z","/ready","200","success","15"
"2026-08-01T09:39:27.8746598Z","/health","200","success","15"
"2026-08-01T09:39:27.8895853Z","/ready","200","success","15"
"2026-08-01T09:39:27.8895853Z","/health","200","success","15"
"2026-08-01T09:39:27.9049493Z","/ready","200","success","15"
"2026-08-01T09:39:27.9049493Z","/health","200","success","15"
"2026-08-01T09:39:27.9203845Z","/ready","200","success","15"
"2026-08-01T09:39:27.9203845Z","/health","200","success","15"
"2026-08-01T09:39:27.9363835Z","/ready","200","success","16"
"2026-08-01T09:39:27.9363835Z","/health","200","success","16"
"2026-08-01T09:39:27.9513711Z","/ready","200","success","15"
"2026-08-01T09:39:27.9513711Z","/health","200","success","15"
"2026-08-01T09:39:27.9663703Z","/ready","200","success","14"
"2026-08-01T09:39:27.9663703Z","/health","200","success","15"
"2026-08-01T09:39:27.9813787Z","/ready","200","success","15"
"2026-08-01T09:39:27.9813787Z","/health","200","success","15"
"2026-08-01T09:39:27.9963976Z","/ready","200","success","15"
"2026-08-01T09:39:27.9963976Z","/health","200","success","15"
"2026-08-01T09:39:28.0116320Z","/ready","200","success","15"
"2026-08-01T09:39:28.0116320Z","/health","200","success","15"
"2026-08-01T09:39:28.0266511Z","/ready","200","success","15"
"2026-08-01T09:39:28.0266511Z","/health","200","success","15"
"2026-08-01T09:39:28.0423560Z","/ready","200","success","15"
"2026-08-01T09:39:28.0423560Z","/health","200","success","16"
"2026-08-01T09:39:28.0574385Z","/ready","200","success","15"
"2026-08-01T09:39:28.0574385Z","/health","200","success","15"
"2026-08-01T09:39:28.0724015Z","/ready","200","success","15"
"2026-08-01T09:39:28.0724015Z","/health","200","success","15"
"2026-08-01T09:39:28.0884601Z","/ready","200","success","16"
"2026-08-01T09:39:28.0884601Z","/health","200","success","16"
"2026-08-01T09:39:28.1044602Z","/ready","200","success","16"
"2026-08-01T09:39:28.1044602Z","/health","200","success","16"
"2026-08-01T09:39:28.1198385Z","/ready","200","success","15"
"2026-08-01T09:39:28.1198385Z","/health","200","success","15"
"2026-08-01T09:39:28.1347453Z","/ready","200","success","14"
"2026-08-01T09:39:28.1347453Z","/health","200","success","15"
"2026-08-01T09:39:28.1500627Z","/ready","200","success","15"
"2026-08-01T09:39:28.1500627Z","/health","200","success","15"
"2026-08-01T09:39:28.1672193Z","/ready","200","success","17"
"2026-08-01T09:39:28.1672193Z","/health","200","success","17"
"2026-08-01T09:39:28.1804810Z","/ready","200","success","15"
"2026-08-01T09:39:28.1804810Z","/health","200","success","15"
"2026-08-01T09:39:28.1951820Z","/ready","200","success","14"
"2026-08-01T09:39:28.1951820Z","/health","200","success","15"
"2026-08-01T09:39:28.2108001Z","/ready","200","success","15"
"2026-08-01T09:39:28.2108001Z","/health","200","success","16"
"2026-08-01T09:39:28.2408468Z","/ready","200","success","30"
"2026-08-01T09:39:28.2408468Z","/health","200","success","30"
"2026-08-01T09:39:28.2562273Z","/ready","200","success","15"
"2026-08-01T09:39:28.2562273Z","/health","200","success","16"
"2026-08-01T09:39:28.2712263Z","/ready","200","success","15"
"2026-08-01T09:39:28.2712263Z","/health","200","success","15"
"2026-08-01T09:39:28.2862490Z","/ready","200","success","14"
"2026-08-01T09:39:28.2862490Z","/health","200","success","15"
"2026-08-01T09:39:28.3012491Z","/ready","200","success","15"
"2026-08-01T09:39:28.3012491Z","/health","200","success","15"
"2026-08-01T09:39:28.3167888Z","/ready","200","success","15"
"2026-08-01T09:39:28.3167888Z","/health","200","success","16"
"2026-08-01T09:39:28.3317888Z","/ready","200","success","15"
"2026-08-01T09:39:28.3317888Z","/health","200","success","15"
"2026-08-01T09:39:28.3472160Z","/ready","200","success","15"
"2026-08-01T09:39:28.3472160Z","/health","200","success","15"
"2026-08-01T09:39:28.3621951Z","/ready","200","success","15"
"2026-08-01T09:39:28.3621951Z","/health","200","success","15"
"2026-08-01T09:39:28.3781942Z","/ready","200","success","16"
"2026-08-01T09:39:28.3781942Z","/health","200","success","16"
"2026-08-01T09:39:28.3931944Z","/ready","200","success","15"
"2026-08-01T09:39:28.3931944Z","/health","200","success","15"
"2026-08-01T09:39:28.4081948Z","/ready","200","success","15"
"2026-08-01T09:39:28.4081948Z","/health","200","success","15"
"2026-08-01T09:39:28.4231943Z","/ready","200","success","15"
"2026-08-01T09:39:28.4231943Z","/health","200","success","15"
"2026-08-01T09:39:28.4381943Z","/ready","200","success","15"
"2026-08-01T09:39:28.4381943Z","/health","200","success","15"
"2026-08-01T09:39:28.4531941Z","/ready","200","success","15"
"2026-08-01T09:39:28.4531941Z","/health","200","success","15"
"2026-08-01T09:39:28.4691943Z","/ready","200","success","15"
"2026-08-01T09:39:28.4691943Z","/health","200","success","16"
"2026-08-01T09:39:28.4841944Z","/ready","200","success","15"
"2026-08-01T09:39:28.4841944Z","/health","200","success","15"
"2026-08-01T09:39:28.4991943Z","/ready","200","success","15"
"2026-08-01T09:39:28.4991943Z","/health","200","success","15"
"2026-08-01T09:39:28.5151958Z","/ready","200","success","16"
"2026-08-01T09:39:28.5151958Z","/health","200","success","16"
"2026-08-01T09:39:28.5301947Z","/ready","200","success","15"
"2026-08-01T09:39:28.5301947Z","/health","200","success","15"
"2026-08-01T09:39:28.5451948Z","/ready","200","success","15"
"2026-08-01T09:39:28.5451948Z","/health","200","success","15"
"2026-08-01T09:39:28.5611952Z","/ready","200","success","16"
"2026-08-01T09:39:28.5611952Z","/health","200","success","16"
"2026-08-01T09:39:28.5761945Z","/ready","200","success","15"
"2026-08-01T09:39:28.5761945Z","/health","200","success","15"
"2026-08-01T09:39:28.5911943Z","/ready","200","success","15"
"2026-08-01T09:39:28.5911943Z","/health","200","success","15"
"2026-08-01T09:39:28.6061944Z","/ready","200","success","15"
"2026-08-01T09:39:28.6061944Z","/health","200","success","15"
"2026-08-01T09:39:28.6211942Z","/ready","200","success","15"
"2026-08-01T09:39:28.6211942Z","/health","200","success","15"
"2026-08-01T09:39:28.6371945Z","/ready","200","success","16"
"2026-08-01T09:39:28.6371945Z","/health","200","success","16"
"2026-08-01T09:39:28.6521948Z","/ready","200","success","15"
"2026-08-01T09:39:28.6521948Z","/health","200","success","15"
"2026-08-01T09:39:28.6671947Z","/ready","200","success","15"
"2026-08-01T09:39:28.6671947Z","/health","200","success","15"
"2026-08-01T09:39:28.6821942Z","/ready","200","success","15"
"2026-08-01T09:39:28.6821942Z","/health","200","success","15"
"2026-08-01T09:39:28.6972128Z","/ready","200","success","15"
"2026-08-01T09:39:28.6972128Z","/health","200","success","15"
"2026-08-01T09:39:28.7132305Z","/ready","200","success","16"
"2026-08-01T09:39:28.7132305Z","/health","200","success","16"
"2026-08-01T09:39:28.7282296Z","/ready","200","success","15"
"2026-08-01T09:39:28.7282296Z","/health","200","success","15"
"2026-08-01T09:39:28.7442305Z","/ready","200","success","16"
"2026-08-01T09:39:28.7442305Z","/health","200","success","16"
"2026-08-01T09:39:28.7592948Z","/ready","200","success","15"
"2026-08-01T09:39:28.7592948Z","/health","200","success","15"
"2026-08-01T09:39:28.7742294Z","/ready","200","success","15"
"2026-08-01T09:39:28.7742294Z","/health","200","success","15"
"2026-08-01T09:39:28.7902293Z","/ready","200","success","16"
"2026-08-01T09:39:28.7912322Z","/health","200","success","16"
"2026-08-01T09:39:28.8062303Z","/ready","200","success","16"
"2026-08-01T09:39:28.8072303Z","/health","200","success","16"
"2026-08-01T09:39:28.8212312Z","/ready","200","success","14"
"2026-08-01T09:39:28.8212312Z","/health","200","success","15"
"2026-08-01T09:39:28.8362294Z","/ready","200","success","15"
"2026-08-01T09:39:28.8372300Z","/health","200","success","15"
"2026-08-01T09:39:28.8512319Z","/ready","502","failure","15"
"2026-08-01T09:39:28.8522305Z","/health","502","failure","15"
"2026-08-01T09:39:28.8822310Z","/ready","502","failure","31"
"2026-08-01T09:39:28.8832356Z","/health","502","failure","31"
"2026-08-01T09:39:29.9135479Z","/ready","","failure","1030"
"2026-08-01T09:39:29.9135479Z","/health","","failure","1031"
"2026-08-01T09:39:29.9435483Z","/health","200","success","857"
"2026-08-01T09:39:29.9445474Z","/ready","","failure","1014"
"2026-08-01T09:39:29.9445474Z","/health","","failure","1015"
"2026-08-01T09:39:29.9455481Z","/ready","","failure","1031"
"2026-08-01T09:39:29.9455481Z","/health","","failure","1032"
"2026-08-01T09:39:29.9465475Z","/ready","200","success","859"
"2026-08-01T09:39:29.9735457Z","/ready","200","success","871"
"2026-08-01T09:39:29.9745465Z","/health","200","success","872"
"2026-08-01T09:39:29.9745465Z","/ready","","failure","1015"
"2026-08-01T09:39:29.9755462Z","/health","","failure","1015"
"2026-08-01T09:39:29.9885457Z","/ready","200","success","870"
"2026-08-01T09:39:29.9885457Z","/health","200","success","870"
"2026-08-01T09:39:29.9895471Z","/ready","","failure","1013"
"2026-08-01T09:39:29.9895471Z","/health","","failure","1014"
"2026-08-01T09:39:30.0045467Z","/ready","200","success","870"
"2026-08-01T09:39:30.0045467Z","/health","200","success","871"
"2026-08-01T09:39:30.0055473Z","/ready","","failure","1014"
"2026-08-01T09:39:30.0055473Z","/health","","failure","1014"
"2026-08-01T09:39:30.0195478Z","/ready","200","success","870"
"2026-08-01T09:39:30.0195478Z","/health","200","success","871"
"2026-08-01T09:39:30.0205486Z","/ready","","failure","1013"
"2026-08-01T09:39:30.0205486Z","/health","","failure","1013"
"2026-08-01T09:39:30.0355485Z","/ready","200","success","870"
"2026-08-01T09:39:30.0365477Z","/health","200","success","871"
"2026-08-01T09:39:30.0365477Z","/ready","","failure","1013"
"2026-08-01T09:39:30.0375495Z","/health","","failure","1014"
"2026-08-01T09:39:30.0505461Z","/ready","200","success","870"
"2026-08-01T09:39:30.0515485Z","/health","200","success","871"
"2026-08-01T09:39:30.0515485Z","/ready","","failure","1012"
"2026-08-01T09:39:30.0525479Z","/health","","failure","1012"
"2026-08-01T09:39:30.0655510Z","/ready","200","success","870"
"2026-08-01T09:39:30.0655510Z","/health","200","success","870"
"2026-08-01T09:39:30.0665510Z","/ready","","failure","1011"
"2026-08-01T09:39:30.0665510Z","/health","","failure","1011"
"2026-08-01T09:39:30.0815476Z","/ready","","failure","1010"
"2026-08-01T09:39:30.0815476Z","/health","","failure","1010"
"2026-08-01T09:39:30.0965464Z","/ready","200","success","885"
"2026-08-01T09:39:30.0975493Z","/health","200","success","885"
"2026-08-01T09:39:30.1115479Z","/ready","200","success","884"
"2026-08-01T09:39:30.1115479Z","/health","200","success","884"
"2026-08-01T09:39:30.1265506Z","/ready","200","success","884"
"2026-08-01T09:39:30.1265506Z","/health","200","success","884"
"2026-08-01T09:39:30.1425464Z","/ready","200","success","884"
"2026-08-01T09:39:30.1425464Z","/health","200","success","884"
"2026-08-01T09:39:30.1585484Z","/ready","200","success","885"
"2026-08-01T09:39:30.1585484Z","/health","200","success","885"
"2026-08-01T09:39:30.1745482Z","/ready","200","success","885"
"2026-08-01T09:39:30.1745482Z","/health","200","success","885"
"2026-08-01T09:39:30.1895478Z","/ready","200","success","885"
"2026-08-01T09:39:30.1905505Z","/health","200","success","885"
"2026-08-01T09:39:30.2045486Z","/ready","200","success","884"
"2026-08-01T09:39:30.2045486Z","/health","200","success","884"
"2026-08-01T09:39:30.2195482Z","/ready","200","success","883"
"2026-08-01T09:39:30.2205473Z","/health","200","success","883"
"2026-08-01T09:39:30.2355460Z","/ready","200","success","884"
"2026-08-01T09:39:30.2365499Z","/health","200","success","884"
"2026-08-01T09:39:30.2505472Z","/ready","200","success","884"
"2026-08-01T09:39:30.2505472Z","/health","200","success","884"
"2026-08-01T09:39:30.2655472Z","/ready","200","success","883"
"2026-08-01T09:39:30.2665482Z","/health","200","success","883"
"2026-08-01T09:39:30.2805476Z","/ready","200","success","882"
"2026-08-01T09:39:30.2805476Z","/health","200","success","882"
"2026-08-01T09:39:30.2955477Z","/ready","200","success","880"
"2026-08-01T09:39:30.2955477Z","/health","200","success","881"
"2026-08-01T09:39:30.3265464Z","/ready","200","success","895"
"2026-08-01T09:39:30.3265464Z","/health","200","success","896"
"2026-08-01T09:39:30.3415466Z","/ready","200","success","895"
"2026-08-01T09:39:30.3415466Z","/health","200","success","895"
"2026-08-01T09:39:30.3565462Z","/ready","200","success","894"
"2026-08-01T09:39:30.3565462Z","/health","200","success","894"
"2026-08-01T09:39:30.3716348Z","/ready","200","success","894"
"2026-08-01T09:39:30.3716348Z","/health","200","success","894"
"2026-08-01T09:39:30.3866433Z","/ready","200","success","894"
"2026-08-01T09:39:30.3866433Z","/health","200","success","894"
"2026-08-01T09:39:30.4026975Z","/ready","200","success","894"
"2026-08-01T09:39:30.4026975Z","/health","200","success","894"
"2026-08-01T09:39:30.4183296Z","/ready","200","success","894"
"2026-08-01T09:39:30.4183296Z","/health","200","success","894"
"2026-08-01T09:39:30.4333298Z","/ready","200","success","893"
"2026-08-01T09:39:30.4333298Z","/health","200","success","894"
"2026-08-01T09:39:30.4483760Z","/ready","200","success","893"
"2026-08-01T09:39:30.4483760Z","/health","200","success","893"
"2026-08-01T09:39:30.4633974Z","/ready","200","success","893"
"2026-08-01T09:39:30.4633974Z","/health","200","success","893"
"2026-08-01T09:39:30.4794519Z","/ready","200","success","893"
"2026-08-01T09:39:30.4794519Z","/health","200","success","893"
"2026-08-01T09:39:30.4944789Z","/ready","200","success","893"
"2026-08-01T09:39:30.4944789Z","/health","200","success","893"
"2026-08-01T09:39:30.5093687Z","/ready","200","success","878"
"2026-08-01T09:39:30.5093687Z","/health","200","success","878"
"2026-08-01T09:39:30.5243850Z","/ready","200","success","877"
"2026-08-01T09:39:30.5243850Z","/health","200","success","878"
"2026-08-01T09:39:30.5395245Z","/ready","200","success","876"
"2026-08-01T09:39:30.5395245Z","/health","200","success","877"
"2026-08-01T09:39:30.5547397Z","/ready","200","success","877"
"2026-08-01T09:39:30.5547397Z","/health","200","success","877"
"2026-08-01T09:39:30.5847723Z","/ready","200","success","891"
"2026-08-01T09:39:30.5847723Z","/health","200","success","891"
"2026-08-01T09:39:30.6002808Z","/ready","200","success","890"
"2026-08-01T09:39:30.6002808Z","/health","200","success","890"
"2026-08-01T09:39:30.6152917Z","/ready","200","success","889"
"2026-08-01T09:39:30.6152917Z","/health","200","success","889"
"2026-08-01T09:39:30.6301996Z","/ready","200","success","888"
"2026-08-01T09:39:30.6301996Z","/health","200","success","888"
"2026-08-01T09:39:30.6462014Z","/ready","200","success","873"
"2026-08-01T09:39:30.6462014Z","/health","200","success","873"
"2026-08-01T09:39:30.6614594Z","/ready","200","success","872"
"2026-08-01T09:39:30.6614594Z","/health","200","success","872"
"2026-08-01T09:39:30.6774275Z","/ready","200","success","873"
"2026-08-01T09:39:30.6774275Z","/health","200","success","873"
"2026-08-01T09:39:30.6924618Z","/ready","200","success","856"
"2026-08-01T09:39:30.6924618Z","/health","200","success","857"
"2026-08-01T09:39:30.7084928Z","/ready","200","success","856"
"2026-08-01T09:39:30.7084928Z","/health","200","success","857"
"2026-08-01T09:39:30.7231700Z","/ready","200","success","855"
"2026-08-01T09:39:30.7231700Z","/health","200","success","856"
"2026-08-01T09:39:30.7381875Z","/ready","200","success","855"
"2026-08-01T09:39:30.7381875Z","/health","200","success","856"
"2026-08-01T09:39:30.7530656Z","/ready","200","success","840"
"2026-08-01T09:39:30.7530656Z","/health","200","success","840"
"2026-08-01T09:39:30.7530656Z","/health","200","success","810"
"2026-08-01T09:39:30.7678371Z","/health","200","success","794"
"2026-08-01T09:39:30.7678371Z","/ready","200","success","824"
"2026-08-01T09:39:30.7688378Z","/health","200","success","780"
"2026-08-01T09:39:30.7838535Z","/health","200","success","779"
"2026-08-01T09:39:30.7838535Z","/ready","200","success","810"
"2026-08-01T09:39:30.7838535Z","/health","200","success","764"
"2026-08-01T09:39:30.7838535Z","/ready","200","success","796"
"2026-08-01T09:39:30.7985396Z","/health","200","success","763"
"2026-08-01T09:39:30.7985396Z","/ready","200","success","794"
"2026-08-01T09:39:30.7985396Z","/health","200","success","748"
"2026-08-01T09:39:30.7985396Z","/ready","200","success","779"
"2026-08-01T09:39:30.8145552Z","/health","200","success","749"
"2026-08-01T09:39:30.8145552Z","/ready","200","success","779"
"2026-08-01T09:39:30.8145552Z","/health","200","success","734"
"2026-08-01T09:39:30.8145552Z","/ready","200","success","764"
"2026-08-01T09:39:30.8298549Z","/health","200","success","733"
"2026-08-01T09:39:30.8298549Z","/ready","200","success","764"
"2026-08-01T09:39:30.8298549Z","/ready","200","success","749"
"2026-08-01T09:39:30.8448905Z","/health","200","success","733"
"2026-08-01T09:39:30.8448905Z","/ready","200","success","748"
"2026-08-01T09:39:30.8448905Z","/health","200","success","718"
"2026-08-01T09:39:30.8602968Z","/health","200","success","717"
"2026-08-01T09:39:30.8602968Z","/ready","200","success","748"
"2026-08-01T09:39:30.8602968Z","/health","200","success","702"
"2026-08-01T09:39:30.8763428Z","/health","200","success","702"
"2026-08-01T09:39:30.8763428Z","/ready","200","success","749"
"2026-08-01T09:39:30.8763428Z","/health","200","success","687"
"2026-08-01T09:39:30.8773482Z","/ready","200","success","734"
"2026-08-01T09:39:30.8918931Z","/health","200","success","687"
"2026-08-01T09:39:30.8918931Z","/ready","200","success","733"
"2026-08-01T09:39:30.8918931Z","/health","200","success","672"
"2026-08-01T09:39:30.8928938Z","/ready","200","success","718"
"2026-08-01T09:39:30.9074072Z","/health","200","success","672"
"2026-08-01T09:39:30.9074072Z","/ready","200","success","718"
"2026-08-01T09:39:30.9074072Z","/health","200","success","657"
"2026-08-01T09:39:30.9084084Z","/ready","200","success","703"
"2026-08-01T09:39:30.9224190Z","/health","200","success","657"
"2026-08-01T09:39:30.9224190Z","/ready","200","success","703"
"2026-08-01T09:39:30.9224190Z","/ready","200","success","687"
"2026-08-01T09:39:30.9375973Z","/health","200","success","657"
"2026-08-01T09:39:30.9375973Z","/ready","200","success","687"
"2026-08-01T09:39:30.9375973Z","/health","200","success","642"
"2026-08-01T09:39:30.9386016Z","/ready","200","success","672"
"2026-08-01T09:39:30.9530874Z","/health","200","success","642"
"2026-08-01T09:39:30.9530874Z","/ready","200","success","672"
"2026-08-01T09:39:30.9530874Z","/health","200","success","627"
"2026-08-01T09:39:30.9691046Z","/health","200","success","627"
"2026-08-01T09:39:30.9691046Z","/ready","200","success","673"
"2026-08-01T09:39:30.9691046Z","/health","200","success","613"
"2026-08-01T09:39:30.9701096Z","/ready","200","success","659"
"2026-08-01T09:39:30.9851220Z","/health","200","success","614"
"2026-08-01T09:39:30.9851220Z","/ready","200","success","659"
"2026-08-01T09:39:30.9861236Z","/health","200","success","599"
"2026-08-01T09:39:30.9861236Z","/ready","200","success","644"
"2026-08-01T09:39:30.9999443Z","/health","200","success","597"
"2026-08-01T09:39:30.9999443Z","/ready","200","success","643"
"2026-08-01T09:39:30.9999443Z","/health","200","success","582"
"2026-08-01T09:39:31.0009495Z","/ready","200","success","629"
"2026-08-01T09:39:31.0151629Z","/health","200","success","582"
"2026-08-01T09:39:31.0151629Z","/ready","200","success","628"
"2026-08-01T09:39:31.0151629Z","/ready","200","success","613"
"2026-08-01T09:39:31.0305131Z","/health","200","success","582"
"2026-08-01T09:39:31.0305131Z","/ready","200","success","612"
"2026-08-01T09:39:31.0305131Z","/health","200","success","567"
"2026-08-01T09:39:31.0315140Z","/ready","200","success","598"
"2026-08-01T09:39:31.0455340Z","/health","200","success","566"
"2026-08-01T09:39:31.0455340Z","/ready","200","success","597"
"2026-08-01T09:39:31.0455340Z","/health","200","success","551"
"2026-08-01T09:39:31.0612489Z","/health","200","success","552"
"2026-08-01T09:39:31.0612489Z","/ready","200","success","598"
"2026-08-01T09:39:31.0622494Z","/health","200","success","537"
"2026-08-01T09:39:31.0622494Z","/ready","200","success","582"
"2026-08-01T09:39:31.0766006Z","/health","200","success","537"
"2026-08-01T09:39:31.0766006Z","/ready","200","success","582"
"2026-08-01T09:39:31.0766006Z","/health","200","success","522"
"2026-08-01T09:39:31.0776061Z","/ready","200","success","568"
"2026-08-01T09:39:31.0917311Z","/health","200","success","507"
"2026-08-01T09:39:31.0917311Z","/ready","200","success","567"
"2026-08-01T09:39:31.0917311Z","/health","200","success","492"
"2026-08-01T09:39:31.0927320Z","/ready","200","success","553"
"2026-08-01T09:39:31.1067761Z","/health","200","success","491"
"2026-08-01T09:39:31.1171491Z","/ready","200","success","562"
"2026-08-01T09:39:31.1171491Z","/health","200","success","487"
"2026-08-01T09:39:31.1171491Z","/ready","200","success","532"
"2026-08-01T09:39:31.1181623Z","/ready","200","success","517"
"2026-08-01T09:39:31.1371592Z","/health","200","success","491"
"2026-08-01T09:39:31.1371592Z","/ready","200","success","522"
"2026-08-01T09:39:31.1371592Z","/health","200","success","476"
"2026-08-01T09:39:31.1532077Z","/health","200","success","476"
"2026-08-01T09:39:31.1532077Z","/ready","200","success","523"
"2026-08-01T09:39:31.1532077Z","/health","200","success","461"
"2026-08-01T09:39:31.1692313Z","/health","200","success","461"
"2026-08-01T09:39:31.1692313Z","/ready","200","success","523"
"2026-08-01T09:39:31.1692313Z","/health","200","success","446"
"2026-08-01T09:39:31.1702312Z","/ready","200","success","508"
"2026-08-01T09:39:31.1852509Z","/health","200","success","447"
"2026-08-01T09:39:31.1852509Z","/ready","200","success","508"
"2026-08-01T09:39:31.1852509Z","/health","200","success","432"
"2026-08-01T09:39:31.1862559Z","/ready","200","success","493"
"2026-08-01T09:39:31.2004410Z","/health","200","success","433"
"2026-08-01T09:39:31.2004410Z","/ready","200","success","492"
"2026-08-01T09:39:31.2014410Z","/ready","200","success","433"
"2026-08-01T09:39:31.2014410Z","/ready","200","success","478"
"2026-08-01T09:39:31.2164415Z","/health","200","success","432"
"2026-08-01T09:39:31.2164415Z","/ready","200","success","478"
"2026-08-01T09:39:31.2164415Z","/health","200","success","418"
"2026-08-01T09:39:31.2174415Z","/ready","200","success","464"
"2026-08-01T09:39:31.2314414Z","/health","200","success","417"
"2026-08-01T09:39:31.2314414Z","/ready","200","success","448"
"2026-08-01T09:39:31.2324431Z","/health","200","success","402"
"2026-08-01T09:39:31.2324431Z","/ready","200","success","434"
"2026-08-01T09:39:31.2474407Z","/ready","200","success","402"
"2026-08-01T09:39:31.2474407Z","/ready","200","success","433"
"2026-08-01T09:39:31.2484407Z","/health","200","success","388"
"2026-08-01T09:39:31.2624416Z","/health","200","success","386"
"2026-08-01T09:39:31.2634406Z","/ready","200","success","433"
"2026-08-01T09:39:31.2634406Z","/ready","200","success","387"
"2026-08-01T09:39:31.2634406Z","/health","200","success","418"
"2026-08-01T09:39:31.2784398Z","/ready","200","success","387"
"2026-08-01T09:39:31.2794419Z","/ready","200","success","418"
"2026-08-01T09:39:31.2794419Z","/ready","200","success","372"
"2026-08-01T09:39:31.2794419Z","/health","200","success","387"
"2026-08-01T09:39:31.2944416Z","/ready","200","success","371"
"2026-08-01T09:39:31.2944416Z","/health","200","success","387"
"2026-08-01T09:39:31.2944416Z","/health","200","success","372"
"2026-08-01T09:39:31.3084398Z","/health","200","success","355"
"2026-08-01T09:39:31.3084398Z","/health","200","success","371"
"2026-08-01T09:39:31.3094401Z","/ready","200","success","371"
"2026-08-01T09:39:31.3244404Z","/health","200","success","355"
"2026-08-01T09:39:31.3244404Z","/ready","200","success","371"
"2026-08-01T09:39:31.3254405Z","/health","200","success","340"
"2026-08-01T09:39:31.3254405Z","/ready","200","success","356"
"2026-08-01T09:39:31.3394451Z","/health","200","success","340"
"2026-08-01T09:39:31.3394451Z","/ready","200","success","354"
"2026-08-01T09:39:31.3404431Z","/ready","200","success","340"
"2026-08-01T09:39:31.3554404Z","/ready","200","success","340"
"2026-08-01T09:39:31.3554404Z","/health","200","success","340"
"2026-08-01T09:39:31.3554404Z","/health","200","success","310"
"2026-08-01T09:39:31.3564407Z","/health","200","success","325"
"2026-08-01T09:39:31.3714865Z","/health","200","success","310"
"2026-08-01T09:39:31.3714865Z","/ready","200","success","341"
"2026-08-01T09:39:31.3714865Z","/ready","200","success","310"
"2026-08-01T09:39:31.3724860Z","/ready","200","success","326"
"2026-08-01T09:39:31.3874855Z","/ready","200","success","311"
"2026-08-01T09:39:31.3874855Z","/health","200","success","311"
"2026-08-01T09:39:31.3884890Z","/ready","200","success","296"
"2026-08-01T09:39:31.3884890Z","/health","200","success","296"
"2026-08-01T09:39:31.4034412Z","/ready","200","success","297"
"2026-08-01T09:39:31.4034412Z","/health","200","success","297"
"2026-08-01T09:39:31.4044397Z","/health","200","success","286"
"2026-08-01T09:39:31.4184372Z","/health","200","success","281"
"2026-08-01T09:39:31.4194357Z","/ready","200","success","301"
"2026-08-01T09:39:31.4194357Z","/health","200","success","266"
"2026-08-01T09:39:31.4194357Z","/ready","200","success","282"
"2026-08-01T09:39:31.4334373Z","/ready","200","success","264"
"2026-08-01T09:39:31.4334373Z","/ready","200","success","280"
"2026-08-01T09:39:31.4344378Z","/health","200","success","265"
"2026-08-01T09:39:31.4494410Z","/ready","200","success","264"
"2026-08-01T09:39:31.4504402Z","/health","200","success","265"
"2026-08-01T09:39:31.4504402Z","/ready","200","success","250"
"2026-08-01T09:39:31.4655973Z","/health","200","success","250"
"2026-08-01T09:39:31.4795936Z","/ready","200","success","263"
"2026-08-01T09:39:31.4795936Z","/health","200","success","263"
"2026-08-01T09:39:31.4805942Z","/ready","200","success","248"
"2026-08-01T09:39:31.4805942Z","/health","200","success","249"
"2026-08-01T09:39:31.4955947Z","/ready","200","success","248"
"2026-08-01T09:39:31.4965942Z","/health","200","success","249"
"2026-08-01T09:39:31.4965942Z","/health","200","success","218"
"2026-08-01T09:39:31.4965942Z","/health","200","success","234"
"2026-08-01T09:39:31.5115953Z","/health","200","success","218"
"2026-08-01T09:39:31.5125952Z","/ready","200","success","249"
"2026-08-01T09:39:31.5125952Z","/health","200","success","204"
"2026-08-01T09:39:31.5275945Z","/ready","200","success","219"
"2026-08-01T09:39:31.5275945Z","/ready","200","success","249"
"2026-08-01T09:39:31.5285948Z","/health","200","success","203"
"2026-08-01T09:39:31.5285948Z","/ready","200","success","234"
"2026-08-01T09:39:31.5425957Z","/health","200","success","203"
"2026-08-01T09:39:31.5425957Z","/ready","200","success","218"
"2026-08-01T09:39:31.5425957Z","/ready","200","success","203"
"2026-08-01T09:39:31.5585943Z","/ready","200","success","203"
"2026-08-01T09:39:31.5585943Z","/health","200","success","203"
"2026-08-01T09:39:31.5595973Z","/ready","200","success","188"
"2026-08-01T09:39:31.5595973Z","/health","200","success","188"
"2026-08-01T09:39:31.5735955Z","/ready","200","success","186"
"2026-08-01T09:39:31.5735955Z","/health","200","success","186"
"2026-08-01T09:39:31.5745960Z","/ready","200","success","170"
"2026-08-01T09:39:31.5745960Z","/health","200","success","171"
"2026-08-01T09:39:31.5895944Z","/ready","200","success","171"
"2026-08-01T09:39:31.5895944Z","/health","200","success","171"
"2026-08-01T09:39:31.5905953Z","/ready","200","success","156"
"2026-08-01T09:39:31.5905953Z","/health","200","success","157"
"2026-08-01T09:39:31.6045930Z","/ready","200","success","155"
"2026-08-01T09:39:31.6045930Z","/ready","200","success","125"
"2026-08-01T09:39:31.6205948Z","/ready","200","success","125"
"2026-08-01T09:39:31.6205948Z","/health","200","success","171"
"2026-08-01T09:39:31.6215947Z","/ready","200","success","109"
"2026-08-01T09:39:31.6215947Z","/health","200","success","142"
"2026-08-01T09:39:31.6365939Z","/health","200","success","109"
"2026-08-01T09:39:31.6375948Z","/health","200","success","141"
"2026-08-01T09:39:31.6375948Z","/health","200","success","94"
"2026-08-01T09:39:31.6375948Z","/health","200","success","126"
"2026-08-01T09:39:31.6515948Z","/ready","200","success","93"
"2026-08-01T09:39:31.6515948Z","/ready","200","success","124"
"2026-08-01T09:39:31.6515948Z","/ready","200","success","78"
"2026-08-01T09:39:31.6525944Z","/ready","200","success","109"
"2026-08-01T09:39:31.6666431Z","/ready","200","success","77"
"2026-08-01T09:39:31.6666431Z","/health","200","success","108"
"2026-08-01T09:39:31.6666431Z","/ready","200","success","62"
"2026-08-01T09:39:31.6675930Z","/health","200","success","93"
"2026-08-01T09:39:31.6825951Z","/health","200","success","62"
"2026-08-01T09:39:31.6825951Z","/health","200","success","93"
"2026-08-01T09:39:31.6825951Z","/ready","200","success","62"
"2026-08-01T09:39:31.6825951Z","/health","200","success","78"
"2026-08-01T09:39:31.6975925Z","/ready","200","success","60"
"2026-08-01T09:39:31.6975925Z","/health","200","success","61"
"2026-08-01T09:39:31.6975925Z","/ready","200","success","46"
"2026-08-01T09:39:31.6985933Z","/health","200","success","46"
"2026-08-01T09:39:31.7125943Z","/ready","200","success","46"
"2026-08-01T09:39:31.7125943Z","/health","200","success","46"
"2026-08-01T09:39:31.7125943Z","/ready","200","success","30"
"2026-08-01T09:39:31.7135935Z","/health","200","success","30"
"2026-08-01T09:39:31.7275924Z","/ready","200","success","30"
"2026-08-01T09:39:31.7275924Z","/health","200","success","30"
"2026-08-01T09:39:31.7275924Z","/ready","200","success","15"
"2026-08-01T09:39:31.7275924Z","/health","200","success","15"
"2026-08-01T09:39:31.7425935Z","/ready","200","success","15"
"2026-08-01T09:39:31.7425935Z","/health","200","success","15"
"2026-08-01T09:39:31.7576607Z","/ready","200","success","15"
"2026-08-01T09:39:31.7576607Z","/health","200","success","15"
"2026-08-01T09:39:31.7880993Z","/ready","200","success","30"
"2026-08-01T09:39:31.7880993Z","/health","200","success","30"
"2026-08-01T09:39:31.8040996Z","/ready","200","success","16"
"2026-08-01T09:39:31.8040996Z","/health","200","success","16"
"2026-08-01T09:39:31.8188508Z","/ready","200","success","14"
"2026-08-01T09:39:31.8188508Z","/health","200","success","15"
"2026-08-01T09:39:31.8338679Z","/ready","200","success","15"
"2026-08-01T09:39:31.8338679Z","/health","200","success","15"
"2026-08-01T09:39:31.8489539Z","/ready","200","success","15"
"2026-08-01T09:39:31.8489539Z","/health","200","success","15"
"2026-08-01T09:39:31.8639725Z","/ready","200","success","15"
"2026-08-01T09:39:31.8639725Z","/health","200","success","15"
"2026-08-01T09:39:31.8789983Z","/ready","200","success","15"
"2026-08-01T09:39:31.8789983Z","/health","200","success","15"
"2026-08-01T09:39:31.8939982Z","/ready","200","success","15"
"2026-08-01T09:39:31.8939982Z","/health","200","success","15"
"2026-08-01T09:39:31.9092645Z","/ready","200","success","15"
"2026-08-01T09:39:31.9092645Z","/health","200","success","15"
"2026-08-01T09:39:31.9250753Z","/ready","200","success","15"
"2026-08-01T09:39:31.9250753Z","/health","200","success","16"
"2026-08-01T09:39:31.9400663Z","/ready","200","success","15"
"2026-08-01T09:39:31.9400663Z","/health","200","success","15"
"2026-08-01T09:39:31.9550674Z","/ready","200","success","15"
"2026-08-01T09:39:31.9550674Z","/health","200","success","15"
"2026-08-01T09:39:31.9706804Z","/ready","200","success","15"
"2026-08-01T09:39:31.9706804Z","/health","200","success","16"
"2026-08-01T09:39:31.9867142Z","/ready","200","success","15"
"2026-08-01T09:39:31.9867142Z","/health","200","success","16"
"2026-08-01T09:39:32.0020638Z","/ready","200","success","15"
"2026-08-01T09:39:32.0020638Z","/health","200","success","15"
"2026-08-01T09:39:32.0181107Z","/ready","200","success","16"
"2026-08-01T09:39:32.0181107Z","/health","200","success","16"
"2026-08-01T09:39:32.0331278Z","/ready","200","success","15"
"2026-08-01T09:39:32.0331278Z","/health","200","success","15"
"2026-08-01T09:39:32.0484342Z","/ready","200","success","15"
"2026-08-01T09:39:32.0484342Z","/health","200","success","15"
"2026-08-01T09:39:32.0637035Z","/ready","200","success","15"
"2026-08-01T09:39:32.0637035Z","/health","200","success","15"
"2026-08-01T09:39:32.0793154Z","/ready","200","success","16"
"2026-08-01T09:39:32.0793154Z","/health","200","success","16"
"2026-08-01T09:39:32.0942506Z","/ready","200","success","15"
"2026-08-01T09:39:32.0942506Z","/health","200","success","15"
"2026-08-01T09:39:32.1094199Z","/ready","200","success","15"
"2026-08-01T09:39:32.1094199Z","/health","200","success","15"
"2026-08-01T09:39:32.1244058Z","/health","200","success","15"
"2026-08-01T09:39:32.1394053Z","/health","200","success","15"
"2026-08-01T09:39:32.1394053Z","/ready","200","success","30"
"2026-08-01T09:39:32.1404063Z","/ready","200","success","15"
"2026-08-01T09:39:32.1543176Z","/health","200","success","15"
"2026-08-01T09:39:32.1543176Z","/ready","200","success","15"
"2026-08-01T09:39:32.1693323Z","/health","200","success","15"
"2026-08-01T09:39:32.1843597Z","/health","200","success","15"
"2026-08-01T09:39:32.1843597Z","/ready","200","success","30"
"2026-08-01T09:39:32.2002836Z","/health","200","success","16"
"2026-08-01T09:39:32.2002836Z","/ready","200","success","31"
"2026-08-01T09:39:32.2002836Z","/ready","200","success","16"
"2026-08-01T09:39:32.2153058Z","/ready","200","success","15"
"2026-08-01T09:39:32.2153058Z","/health","200","success","15"
"2026-08-01T09:39:32.2302262Z","/ready","200","success","15"
"2026-08-01T09:39:32.2302262Z","/health","200","success","15"
"2026-08-01T09:39:32.2462705Z","/ready","200","success","16"
"2026-08-01T09:39:32.2462705Z","/health","200","success","16"
"2026-08-01T09:39:32.2613715Z","/ready","200","success","15"
"2026-08-01T09:39:32.2613715Z","/health","200","success","15"
"2026-08-01T09:39:32.2763744Z","/ready","200","success","15"
"2026-08-01T09:39:32.2763744Z","/health","200","success","15"
"2026-08-01T09:39:32.2917685Z","/ready","200","success","15"
"2026-08-01T09:39:32.2917685Z","/health","200","success","15"
"2026-08-01T09:39:32.3067732Z","/ready","200","success","15"
"2026-08-01T09:39:32.3067732Z","/health","200","success","15"
"2026-08-01T09:39:32.3220576Z","/ready","200","success","15"
"2026-08-01T09:39:32.3220576Z","/health","200","success","15"
"2026-08-01T09:39:32.3370672Z","/ready","200","success","15"
"2026-08-01T09:39:32.3370672Z","/health","200","success","15"
"2026-08-01T09:39:32.3521047Z","/ready","200","success","15"
"2026-08-01T09:39:32.3521047Z","/health","200","success","15"
"2026-08-01T09:39:32.3671199Z","/ready","200","success","15"
"2026-08-01T09:39:32.3671199Z","/health","200","success","15"
"2026-08-01T09:39:32.3831561Z","/ready","200","success","16"
"2026-08-01T09:39:32.3831561Z","/health","200","success","16"
"2026-08-01T09:39:32.4138365Z","/ready","200","success","30"
"2026-08-01T09:39:32.4138365Z","/health","200","success","31"
"2026-08-01T09:39:32.4298633Z","/ready","200","success","16"
"2026-08-01T09:39:32.4298633Z","/health","200","success","16"
"2026-08-01T09:39:32.4448962Z","/ready","200","success","15"
"2026-08-01T09:39:32.4448962Z","/health","200","success","15"
"2026-08-01T09:39:32.4759633Z","/ready","200","success","31"
"2026-08-01T09:39:32.4759633Z","/health","200","success","31"
"2026-08-01T09:39:32.4913188Z","/ready","200","success","15"
"2026-08-01T09:39:32.4913188Z","/health","200","success","15"
"2026-08-01T09:39:32.5060086Z","/ready","200","success","15"
"2026-08-01T09:39:32.5080085Z","/health","200","success","15"
"2026-08-01T09:39:32.5360212Z","/ready","200","success","29"
"2026-08-01T09:39:32.5360212Z","/health","200","success","30"
"2026-08-01T09:39:32.5510706Z","/ready","200","success","15"
"2026-08-01T09:39:32.5510706Z","/health","200","success","15"
"2026-08-01T09:39:32.5660878Z","/ready","200","success","15"
"2026-08-01T09:39:32.5660878Z","/health","200","success","15"
"2026-08-01T09:39:32.5810892Z","/ready","200","success","15"
"2026-08-01T09:39:32.5810892Z","/health","200","success","15"
"2026-08-01T09:39:32.5960884Z","/ready","200","success","15"
"2026-08-01T09:39:32.5960884Z","/health","200","success","15"
"2026-08-01T09:39:32.6111051Z","/ready","200","success","15"
"2026-08-01T09:39:32.6111051Z","/health","200","success","15"
"2026-08-01T09:39:32.6271035Z","/ready","200","success","16"
"2026-08-01T09:39:32.6271035Z","/health","200","success","16"
"2026-08-01T09:39:32.6421065Z","/ready","200","success","15"
"2026-08-01T09:39:32.6421065Z","/health","200","success","15"
"2026-08-01T09:39:32.6571048Z","/ready","200","success","15"
"2026-08-01T09:39:32.6571048Z","/health","200","success","15"
"2026-08-01T09:39:32.6721302Z","/ready","200","success","15"
"2026-08-01T09:39:32.6721302Z","/health","200","success","15"
"2026-08-01T09:39:32.6881044Z","/ready","200","success","15"
"2026-08-01T09:39:32.6881044Z","/health","200","success","16"
"2026-08-01T09:39:32.7031031Z","/ready","200","success","15"
"2026-08-01T09:39:32.7031031Z","/health","200","success","15"
"2026-08-01T09:39:32.7181049Z","/ready","200","success","15"
"2026-08-01T09:39:32.7181049Z","/health","200","success","15"
"2026-08-01T09:39:32.7331031Z","/ready","200","success","15"
"2026-08-01T09:39:32.7331031Z","/health","200","success","15"
"2026-08-01T09:39:32.7481053Z","/ready","200","success","15"
"2026-08-01T09:39:32.7481053Z","/health","200","success","15"
"2026-08-01T09:39:32.7631247Z","/ready","200","success","15"
"2026-08-01T09:39:32.7631247Z","/health","200","success","15"
"2026-08-01T09:39:32.7791247Z","/ready","200","success","16"
"2026-08-01T09:39:32.7791247Z","/health","200","success","16"
"2026-08-01T09:39:32.7941254Z","/ready","200","success","15"
"2026-08-01T09:39:32.7941254Z","/health","200","success","15"
"2026-08-01T09:39:32.8101252Z","/ready","200","success","16"
"2026-08-01T09:39:32.8101252Z","/health","200","success","16"
"2026-08-01T09:39:32.8251253Z","/ready","200","success","15"
"2026-08-01T09:39:32.8251253Z","/health","200","success","15"
"2026-08-01T09:39:32.8411246Z","/ready","200","success","16"
"2026-08-01T09:39:32.8411246Z","/health","200","success","16"
"2026-08-01T09:39:32.8561248Z","/ready","200","success","15"
"2026-08-01T09:39:32.8561248Z","/health","200","success","15"
"2026-08-01T09:39:32.8721248Z","/ready","200","success","16"
"2026-08-01T09:39:32.8721248Z","/health","200","success","16"
"2026-08-01T09:39:32.8871257Z","/ready","200","success","15"
"2026-08-01T09:39:32.8871257Z","/health","200","success","15"
"2026-08-01T09:39:32.9021249Z","/ready","200","success","15"
"2026-08-01T09:39:32.9021249Z","/health","200","success","15"
"2026-08-01T09:39:32.9181268Z","/ready","200","success","16"
"2026-08-01T09:39:32.9181268Z","/health","200","success","16"
"2026-08-01T09:39:32.9331255Z","/ready","200","success","15"
"2026-08-01T09:39:32.9331255Z","/health","200","success","15"
"2026-08-01T09:39:32.9481261Z","/ready","200","success","15"
"2026-08-01T09:39:32.9481261Z","/health","200","success","15"
"2026-08-01T09:39:32.9631253Z","/ready","200","success","15"
"2026-08-01T09:39:32.9641260Z","/health","200","success","15"
"2026-08-01T09:39:32.9781247Z","/ready","200","success","15"
"2026-08-01T09:39:32.9791258Z","/health","200","success","15"
"2026-08-01T09:39:32.9931250Z","/ready","200","success","15"
"2026-08-01T09:39:32.9931250Z","/health","200","success","15"
"2026-08-01T09:39:33.0091254Z","/ready","200","success","16"
"2026-08-01T09:39:33.0091254Z","/health","200","success","16"
"2026-08-01T09:39:33.0241248Z","/ready","200","success","14"
"2026-08-01T09:39:33.0241248Z","/health","200","success","15"
"2026-08-01T09:39:33.0401254Z","/ready","200","success","16"
"2026-08-01T09:39:33.0401254Z","/health","200","success","16"
"2026-08-01T09:39:33.0551247Z","/ready","200","success","15"
"2026-08-01T09:39:33.0551247Z","/health","200","success","15"
"2026-08-01T09:39:33.0711247Z","/ready","200","success","16"
"2026-08-01T09:39:33.0711247Z","/health","200","success","16"
"2026-08-01T09:39:33.0861281Z","/ready","200","success","15"
"2026-08-01T09:39:33.0861281Z","/health","200","success","15"
"2026-08-01T09:39:33.1021253Z","/ready","200","success","16"
"2026-08-01T09:39:33.1021253Z","/health","200","success","16"
"2026-08-01T09:39:33.1171485Z","/ready","200","success","15"
"2026-08-01T09:39:33.1171485Z","/health","200","success","15"
"2026-08-01T09:39:33.1481248Z","/ready","200","success","31"
"2026-08-01T09:39:33.1481248Z","/health","200","success","31"
"2026-08-01T09:39:33.1791758Z","/ready","200","success","31"
"2026-08-01T09:39:33.1791758Z","/health","200","success","31"
"2026-08-01T09:39:33.2101339Z","/ready","200","success","31"
"2026-08-01T09:39:33.2101339Z","/health","200","success","31"
"2026-08-01T09:39:33.2253708Z","/ready","200","success","15"
"2026-08-01T09:39:33.2253708Z","/health","200","success","15"
"2026-08-01T09:39:33.2408339Z","/ready","200","success","15"
"2026-08-01T09:39:33.2408339Z","/health","200","success","15"
"2026-08-01T09:39:33.2558338Z","/ready","200","success","15"
"2026-08-01T09:39:33.2558338Z","/health","200","success","15"
"2026-08-01T09:39:33.2711233Z","/ready","200","success","15"
"2026-08-01T09:39:33.2711233Z","/health","200","success","15"
"2026-08-01T09:39:33.2861806Z","/ready","200","success","15"
"2026-08-01T09:39:33.2861806Z","/health","200","success","15"
"2026-08-01T09:39:33.3014146Z","/ready","200","success","15"
"2026-08-01T09:39:33.3014146Z","/health","200","success","15"
"2026-08-01T09:39:33.3164369Z","/ready","200","success","15"
"2026-08-01T09:39:33.3164369Z","/health","200","success","15"
"2026-08-01T09:39:33.3315461Z","/ready","200","success","15"
"2026-08-01T09:39:33.3315461Z","/health","200","success","15"
"2026-08-01T09:39:33.3461909Z","/ready","200","success","14"
"2026-08-01T09:39:33.3461909Z","/health","200","success","14"
"2026-08-01T09:39:33.3622397Z","/ready","200","success","16"
"2026-08-01T09:39:33.3622397Z","/health","200","success","16"
"2026-08-01T09:39:33.3782794Z","/ready","200","success","16"
"2026-08-01T09:39:33.3782794Z","/health","200","success","16"
"2026-08-01T09:39:33.3943167Z","/ready","200","success","16"
"2026-08-01T09:39:33.3943167Z","/health","200","success","16"
"2026-08-01T09:39:33.4095100Z","/ready","200","success","15"
"2026-08-01T09:39:33.4095100Z","/health","200","success","15"
"2026-08-01T09:39:33.4243626Z","/ready","200","success","14"
"2026-08-01T09:39:33.4243626Z","/health","200","success","15"
"2026-08-01T09:39:33.4403758Z","/ready","200","success","16"
"2026-08-01T09:39:33.4403758Z","/health","200","success","16"
"2026-08-01T09:39:33.4553841Z","/ready","200","success","15"
"2026-08-01T09:39:33.4553841Z","/health","200","success","15"
"2026-08-01T09:39:33.4713839Z","/ready","200","success","16"
"2026-08-01T09:39:33.4713839Z","/health","200","success","16"
"2026-08-01T09:39:33.4865564Z","/ready","200","success","15"
"2026-08-01T09:39:33.4865564Z","/health","200","success","15"
"2026-08-01T09:39:33.5018474Z","/ready","200","success","15"
"2026-08-01T09:39:33.5018474Z","/health","200","success","15"
"2026-08-01T09:39:33.5168528Z","/ready","200","success","15"
"2026-08-01T09:39:33.5168528Z","/health","200","success","15"
"2026-08-01T09:39:33.5321800Z","/ready","200","success","15"
"2026-08-01T09:39:33.5321800Z","/health","200","success","15"
"2026-08-01T09:39:33.5471799Z","/ready","200","success","15"
"2026-08-01T09:39:33.5471799Z","/health","200","success","15"
"2026-08-01T09:39:33.5628876Z","/ready","200","success","15"
"2026-08-01T09:39:33.5628876Z","/health","200","success","16"
"2026-08-01T09:39:33.5779235Z","/ready","200","success","15"
"2026-08-01T09:39:33.5779235Z","/health","200","success","15"
"2026-08-01T09:39:33.5931862Z","/ready","200","success","15"
"2026-08-01T09:39:33.5931862Z","/health","200","success","15"
"2026-08-01T09:39:33.6079648Z","/ready","200","success","14"
"2026-08-01T09:39:33.6079648Z","/health","200","success","15"
"2026-08-01T09:39:33.6239896Z","/ready","200","success","16"
"2026-08-01T09:39:33.6239896Z","/health","200","success","16"
"2026-08-01T09:39:33.6395321Z","/ready","200","success","15"
"2026-08-01T09:39:33.6395321Z","/health","200","success","15"
"2026-08-01T09:39:33.6551404Z","/ready","200","success","15"
"2026-08-01T09:39:33.6551404Z","/health","200","success","16"
"2026-08-01T09:39:33.6701407Z","/ready","200","success","15"
"2026-08-01T09:39:33.6701407Z","/health","200","success","15"
"2026-08-01T09:39:33.6851501Z","/ready","200","success","15"
"2026-08-01T09:39:33.6851501Z","/health","200","success","15"
"2026-08-01T09:39:33.7001505Z","/ready","200","success","15"
"2026-08-01T09:39:33.7001505Z","/health","200","success","15"
"2026-08-01T09:39:33.7153899Z","/ready","200","success","15"
"2026-08-01T09:39:33.7153899Z","/health","200","success","15"
"2026-08-01T09:39:33.7304189Z","/ready","200","success","15"
"2026-08-01T09:39:33.7304189Z","/health","200","success","15"
"2026-08-01T09:39:33.7456361Z","/ready","200","success","15"
"2026-08-01T09:39:33.7456361Z","/health","200","success","15"
"2026-08-01T09:39:33.7616361Z","/ready","200","success","16"
"2026-08-01T09:39:33.7616361Z","/health","200","success","16"
"2026-08-01T09:39:33.7764179Z","/ready","200","success","14"
"2026-08-01T09:39:33.7764179Z","/health","200","success","15"
"2026-08-01T09:39:33.7917118Z","/ready","200","success","15"
"2026-08-01T09:39:33.7917118Z","/health","200","success","15"
"2026-08-01T09:39:33.8066894Z","/ready","200","success","15"
"2026-08-01T09:39:33.8066894Z","/health","200","success","15"
"2026-08-01T09:39:33.8214006Z","/ready","200","success","14"
"2026-08-01T09:39:33.8214006Z","/health","200","success","15"
"2026-08-01T09:39:33.8369995Z","/ready","200","success","15"
"2026-08-01T09:39:33.8369995Z","/health","200","success","15"
"2026-08-01T09:39:33.8518051Z","/ready","200","success","15"
"2026-08-01T09:39:33.8528059Z","/health","200","success","16"
"2026-08-01T09:39:33.8668053Z","/ready","200","success","15"
"2026-08-01T09:39:33.8668053Z","/health","200","success","15"
"2026-08-01T09:39:33.8826882Z","/ready","200","success","15"
"2026-08-01T09:39:33.8826882Z","/health","200","success","16"
"2026-08-01T09:39:33.9137205Z","/ready","200","success","31"
"2026-08-01T09:39:33.9137205Z","/health","200","success","31"
"2026-08-01T09:39:33.9437545Z","/ready","200","success","30"
"2026-08-01T09:39:33.9437545Z","/health","200","success","30"
"2026-08-01T09:39:33.9597678Z","/ready","200","success","16"
"2026-08-01T09:39:33.9597678Z","/health","200","success","16"
"2026-08-01T09:39:33.9747681Z","/ready","200","success","15"
"2026-08-01T09:39:33.9747681Z","/health","200","success","15"
"2026-08-01T09:39:33.9907683Z","/ready","200","success","16"
"2026-08-01T09:39:33.9907683Z","/health","200","success","16"
"2026-08-01T09:39:34.0057678Z","/ready","200","success","15"
"2026-08-01T09:39:34.0067713Z","/health","200","success","15"
"2026-08-01T09:39:34.0217686Z","/ready","200","success","16"
"2026-08-01T09:39:34.0217686Z","/health","200","success","16"
"2026-08-01T09:39:34.0367682Z","/ready","200","success","15"
"2026-08-01T09:39:34.0367682Z","/health","200","success","15"
"2026-08-01T09:39:34.0527679Z","/ready","200","success","16"
"2026-08-01T09:39:34.0527679Z","/health","200","success","16"
"2026-08-01T09:39:34.0677681Z","/ready","200","success","15"
"2026-08-01T09:39:34.0677681Z","/health","200","success","15"
"2026-08-01T09:39:34.0837677Z","/ready","200","success","16"
"2026-08-01T09:39:34.0837677Z","/health","200","success","16"
"2026-08-01T09:39:34.0987678Z","/ready","200","success","15"
"2026-08-01T09:39:34.0987678Z","/health","200","success","15"
"2026-08-01T09:39:34.1137679Z","/ready","200","success","15"
"2026-08-01T09:39:34.1137679Z","/health","200","success","15"
"2026-08-01T09:39:34.1297678Z","/ready","200","success","16"
"2026-08-01T09:39:34.1297678Z","/health","200","success","16"
"2026-08-01T09:39:34.1457678Z","/ready","200","success","16"
"2026-08-01T09:39:34.1457678Z","/health","200","success","16"
"2026-08-01T09:39:34.1607677Z","/ready","200","success","15"
"2026-08-01T09:39:34.1607677Z","/health","200","success","15"
"2026-08-01T09:39:34.1767680Z","/ready","200","success","16"
"2026-08-01T09:39:34.1767680Z","/health","200","success","16"
"2026-08-01T09:39:34.1917684Z","/ready","200","success","15"
"2026-08-01T09:39:34.1917684Z","/health","200","success","15"
"2026-08-01T09:39:34.2067683Z","/ready","200","success","15"
"2026-08-01T09:39:34.2067683Z","/health","200","success","15"
"2026-08-01T09:39:34.2227684Z","/ready","200","success","16"
"2026-08-01T09:39:34.2227684Z","/health","200","success","16"
"2026-08-01T09:39:34.2387681Z","/ready","200","success","16"
"2026-08-01T09:39:34.2387681Z","/health","200","success","16"
"2026-08-01T09:39:34.2537683Z","/ready","200","success","15"
"2026-08-01T09:39:34.2547691Z","/health","200","success","15"
"2026-08-01T09:39:34.2687680Z","/ready","200","success","15"
"2026-08-01T09:39:34.2687680Z","/health","200","success","15"
"2026-08-01T09:39:34.2837679Z","/ready","200","success","15"
"2026-08-01T09:39:34.2837679Z","/health","200","success","15"
"2026-08-01T09:39:34.2987681Z","/ready","200","success","15"
"2026-08-01T09:39:34.2997699Z","/health","200","success","15"
"2026-08-01T09:39:34.3137679Z","/ready","200","success","15"
"2026-08-01T09:39:34.3147688Z","/health","200","success","15"
"2026-08-01T09:39:34.3297690Z","/ready","200","success","16"
"2026-08-01T09:39:34.3297690Z","/health","200","success","16"
"2026-08-01T09:39:34.3447679Z","/ready","200","success","15"
"2026-08-01T09:39:34.3447679Z","/health","200","success","15"
"2026-08-01T09:39:34.3607686Z","/ready","200","success","16"
"2026-08-01T09:39:34.3607686Z","/health","200","success","16"
"2026-08-01T09:39:34.3757684Z","/health","200","success","15"
"2026-08-01T09:39:34.3907691Z","/health","200","success","15"
"2026-08-01T09:39:34.3907691Z","/ready","200","success","30"
"2026-08-01T09:39:34.3907691Z","/ready","200","success","15"
"2026-08-01T09:39:34.4057679Z","/health","200","success","15"
"2026-08-01T09:39:34.4217678Z","/health","200","success","16"
"2026-08-01T09:39:34.4217678Z","/ready","200","success","31"
"2026-08-01T09:39:34.4367688Z","/health","200","success","15"
"2026-08-01T09:39:34.4367688Z","/ready","200","success","31"
"2026-08-01T09:39:34.4527679Z","/health","200","success","16"
"2026-08-01T09:39:34.4527679Z","/ready","200","success","31"
"2026-08-01T09:39:34.4677679Z","/health","200","success","15"
"2026-08-01T09:39:34.4677679Z","/ready","200","success","31"
"2026-08-01T09:39:34.4677679Z","/ready","200","success","15"
"2026-08-01T09:39:34.4827679Z","/ready","200","success","15"
"2026-08-01T09:39:34.4827679Z","/health","200","success","15"
"2026-08-01T09:39:34.4977678Z","/ready","200","success","15"
"2026-08-01T09:39:34.4977678Z","/health","200","success","15"
"2026-08-01T09:39:34.5137679Z","/ready","200","success","16"
"2026-08-01T09:39:34.5137679Z","/health","200","success","16"
"2026-08-01T09:39:34.5287678Z","/ready","200","success","15"
"2026-08-01T09:39:34.5287678Z","/health","200","success","15"
"2026-08-01T09:39:34.5437680Z","/ready","200","success","15"
"2026-08-01T09:39:34.5437680Z","/health","200","success","15"
"2026-08-01T09:39:34.5587679Z","/ready","200","success","15"
"2026-08-01T09:39:34.5587679Z","/health","200","success","15"
"2026-08-01T09:39:34.5735194Z","/ready","200","success","14"
"2026-08-01T09:39:34.5735194Z","/health","200","success","15"
"2026-08-01T09:39:34.5885308Z","/ready","200","success","15"
"2026-08-01T09:39:34.5885308Z","/health","200","success","15"
"2026-08-01T09:39:34.6036168Z","/ready","200","success","15"
"2026-08-01T09:39:34.6036168Z","/health","200","success","15"
"2026-08-01T09:39:34.6186282Z","/ready","200","success","15"
"2026-08-01T09:39:34.6186282Z","/health","200","success","15"
"2026-08-01T09:39:34.6346618Z","/ready","200","success","16"
"2026-08-01T09:39:34.6346618Z","/health","200","success","16"
"2026-08-01T09:39:34.6502027Z","/ready","200","success","15"
"2026-08-01T09:39:34.6502027Z","/health","200","success","15"
"2026-08-01T09:39:34.6652844Z","/ready","200","success","15"
"2026-08-01T09:39:34.6652844Z","/health","200","success","15"
"2026-08-01T09:39:34.6805879Z","/ready","200","success","15"
"2026-08-01T09:39:34.6805879Z","/health","200","success","15"
"2026-08-01T09:39:34.6953551Z","/ready","200","success","14"
"2026-08-01T09:39:34.6953551Z","/health","200","success","15"
"2026-08-01T09:39:34.7259789Z","/ready","200","success","30"
"2026-08-01T09:39:34.7259789Z","/health","200","success","31"
"2026-08-01T09:39:34.7419948Z","/ready","200","success","16"
"2026-08-01T09:39:34.7419948Z","/health","200","success","16"
"2026-08-01T09:39:34.7721176Z","/ready","200","success","30"
"2026-08-01T09:39:34.7721176Z","/health","200","success","30"
"2026-08-01T09:39:34.7876839Z","/ready","200","success","15"
"2026-08-01T09:39:34.7876839Z","/health","200","success","15"
"2026-08-01T09:39:34.8037281Z","/ready","200","success","16"
"2026-08-01T09:39:34.8037281Z","/health","200","success","16"
"2026-08-01T09:39:34.8187281Z","/ready","200","success","15"
"2026-08-01T09:39:34.8187281Z","/health","200","success","15"
"2026-08-01T09:39:34.8340122Z","/ready","200","success","15"
"2026-08-01T09:39:34.8340122Z","/health","200","success","15"
"2026-08-01T09:39:34.8487819Z","/ready","200","success","14"
"2026-08-01T09:39:34.8487819Z","/health","200","success","15"
"2026-08-01T09:39:34.8648023Z","/ready","200","success","16"
"2026-08-01T09:39:34.8648023Z","/health","200","success","16"
"2026-08-01T09:39:34.8800126Z","/ready","200","success","15"
"2026-08-01T09:39:34.8800126Z","/health","200","success","15"
"2026-08-01T09:39:34.8960284Z","/ready","200","success","16"
"2026-08-01T09:39:34.8960284Z","/health","200","success","16"
"2026-08-01T09:39:34.9140507Z","/ready","200","success","17"
"2026-08-01T09:39:34.9140507Z","/health","200","success","18"
"2026-08-01T09:39:34.9418066Z","/ready","200","success","28"
"2026-08-01T09:39:34.9418066Z","/health","200","success","31"
"2026-08-01T09:39:34.9578058Z","/ready","200","success","16"
"2026-08-01T09:39:34.9578058Z","/health","200","success","16"
"2026-08-01T09:39:34.9728060Z","/ready","200","success","15"
"2026-08-01T09:39:34.9728060Z","/health","200","success","15"
"2026-08-01T09:39:34.9888484Z","/ready","200","success","16"
"2026-08-01T09:39:34.9888484Z","/health","200","success","16"
"2026-08-01T09:39:35.0038924Z","/ready","200","success","15"
"2026-08-01T09:39:35.0038924Z","/health","200","success","15"
"2026-08-01T09:39:35.0192408Z","/ready","200","success","15"
"2026-08-01T09:39:35.0192408Z","/health","200","success","15"
"2026-08-01T09:39:35.0339245Z","/ready","200","success","14"
"2026-08-01T09:39:35.0339245Z","/health","200","success","15"
"2026-08-01T09:39:35.0499602Z","/ready","200","success","16"
"2026-08-01T09:39:35.0499602Z","/health","200","success","16"
"2026-08-01T09:39:35.0654280Z","/ready","200","success","15"
"2026-08-01T09:39:35.0654280Z","/health","200","success","15"
"2026-08-01T09:39:35.0814281Z","/ready","200","success","16"
"2026-08-01T09:39:35.0814281Z","/health","200","success","16"
"2026-08-01T09:39:35.0964773Z","/ready","200","success","15"
"2026-08-01T09:39:35.0964773Z","/health","200","success","15"
"2026-08-01T09:39:35.1114814Z","/ready","200","success","15"
"2026-08-01T09:39:35.1114814Z","/health","200","success","15"
"2026-08-01T09:39:35.1265628Z","/ready","200","success","15"
"2026-08-01T09:39:35.1265628Z","/health","200","success","15"
"2026-08-01T09:39:35.1415857Z","/ready","200","success","15"
"2026-08-01T09:39:35.1415857Z","/health","200","success","15"
"2026-08-01T09:39:35.1570783Z","/ready","200","success","15"
"2026-08-01T09:39:35.1570783Z","/health","200","success","15"
"2026-08-01T09:39:35.1730941Z","/ready","200","success","16"
"2026-08-01T09:39:35.1730941Z","/health","200","success","16"
"2026-08-01T09:39:35.1881173Z","/ready","200","success","15"
"2026-08-01T09:39:35.1881173Z","/health","200","success","15"
"2026-08-01T09:39:35.2034990Z","/ready","200","success","15"
"2026-08-01T09:39:35.2034990Z","/health","200","success","15"
"2026-08-01T09:39:35.2185331Z","/ready","200","success","15"
"2026-08-01T09:39:35.2185331Z","/health","200","success","15"
"2026-08-01T09:39:35.2491171Z","/ready","200","success","30"
"2026-08-01T09:39:35.2491171Z","/health","200","success","31"
"2026-08-01T09:39:35.2491171Z","/health","200","success","15"
"2026-08-01T09:39:35.2651334Z","/health","200","success","16"
"2026-08-01T09:39:35.2651334Z","/ready","200","success","31"
"2026-08-01T09:39:35.2651334Z","/ready","200","success","16"
"2026-08-01T09:39:35.2802369Z","/health","200","success","15"
"2026-08-01T09:39:35.2954444Z","/health","200","success","15"
"2026-08-01T09:39:35.2954444Z","/ready","200","success","30"
"2026-08-01T09:39:35.3108782Z","/health","200","success","15"
"2026-08-01T09:39:35.3108782Z","/ready","200","success","30"
"2026-08-01T09:39:35.3268121Z","/health","200","success","16"
"2026-08-01T09:39:35.3268121Z","/ready","200","success","31"
"2026-08-01T09:39:35.3268121Z","/ready","200","success","16"
"2026-08-01T09:39:35.3418278Z","/ready","200","success","15"
"2026-08-01T09:39:35.3418278Z","/health","200","success","15"
"2026-08-01T09:39:35.3569814Z","/ready","200","success","15"
"2026-08-01T09:39:35.3569814Z","/health","200","success","15"
"2026-08-01T09:39:35.3729839Z","/ready","200","success","16"
"2026-08-01T09:39:35.3729839Z","/health","200","success","16"
"2026-08-01T09:39:35.3879830Z","/ready","200","success","15"
"2026-08-01T09:39:35.3879830Z","/health","200","success","15"
"2026-08-01T09:39:35.4039822Z","/ready","200","success","16"
"2026-08-01T09:39:35.4039822Z","/health","200","success","16"
"2026-08-01T09:39:35.4189864Z","/ready","200","success","15"
"2026-08-01T09:39:35.4189864Z","/health","200","success","15"
"2026-08-01T09:39:35.4339849Z","/ready","200","success","15"
"2026-08-01T09:39:35.4339849Z","/health","200","success","15"
"2026-08-01T09:39:35.4489822Z","/ready","200","success","15"
"2026-08-01T09:39:35.4489822Z","/health","200","success","15"
"2026-08-01T09:39:35.4639826Z","/ready","200","success","15"
"2026-08-01T09:39:35.4639826Z","/health","200","success","15"
"2026-08-01T09:39:35.4789833Z","/ready","200","success","15"
"2026-08-01T09:39:35.4789833Z","/health","200","success","15"
"2026-08-01T09:39:35.4949857Z","/ready","200","success","16"
"2026-08-01T09:39:35.4949857Z","/health","200","success","16"
"2026-08-01T09:39:35.5099835Z","/ready","200","success","15"
"2026-08-01T09:39:35.5099835Z","/health","200","success","15"
"2026-08-01T09:39:35.5250024Z","/ready","200","success","15"
"2026-08-01T09:39:35.5250024Z","/health","200","success","15"
"2026-08-01T09:39:35.5399815Z","/ready","200","success","15"
"2026-08-01T09:39:35.5399815Z","/health","200","success","15"
"2026-08-01T09:39:35.5550019Z","/ready","200","success","15"
"2026-08-01T09:39:35.5550019Z","/health","200","success","15"
"2026-08-01T09:39:35.5700061Z","/ready","200","success","15"
"2026-08-01T09:39:35.5700061Z","/health","200","success","15"
"2026-08-01T09:39:35.5860066Z","/ready","200","success","16"
"2026-08-01T09:39:35.5860066Z","/health","200","success","16"
"2026-08-01T09:39:35.6170084Z","/ready","200","success","31"
"2026-08-01T09:39:35.6170084Z","/health","200","success","31"
"2026-08-01T09:39:35.6330064Z","/ready","200","success","16"
"2026-08-01T09:39:35.6330064Z","/health","200","success","16"
"2026-08-01T09:39:35.6480068Z","/ready","200","success","15"
"2026-08-01T09:39:35.6490070Z","/health","200","success","15"
"2026-08-01T09:39:35.6780062Z","/ready","200","success","30"
"2026-08-01T09:39:35.6780062Z","/health","200","success","30"
"2026-08-01T09:39:35.7100072Z","/ready","200","success","32"
"2026-08-01T09:39:35.7100072Z","/health","200","success","32"
"2026-08-01T09:39:35.7110077Z","/ready","200","success","16"
"2026-08-01T09:39:35.7110077Z","/health","200","success","16"
"2026-08-01T09:39:35.7410061Z","/ready","200","success","31"
"2026-08-01T09:39:35.7420062Z","/health","200","success","31"
"2026-08-01T09:39:35.7710060Z","/ready","200","success","30"
"2026-08-01T09:39:35.7710060Z","/health","200","success","30"
"2026-08-01T09:39:35.7870065Z","/ready","200","success","16"
"2026-08-01T09:39:35.7870065Z","/health","200","success","16"
"2026-08-01T09:39:35.8170092Z","/ready","200","success","30"
"2026-08-01T09:39:35.8170092Z","/health","200","success","30"
"2026-08-01T09:39:35.8320074Z","/ready","200","success","30"
"2026-08-01T09:39:35.8330076Z","/health","200","success","30"
"2026-08-01T09:39:35.8330076Z","/health","200","success","16"
"2026-08-01T09:39:35.8470259Z","/health","200","success","15"
"2026-08-01T09:39:35.8470259Z","/ready","200","success","30"
"2026-08-01T09:39:35.8470259Z","/ready","200","success","15"
"2026-08-01T09:39:35.8630258Z","/health","200","success","16"
"2026-08-01T09:39:35.8630258Z","/ready","200","success","16"
"2026-08-01T09:39:35.8780259Z","/health","200","success","15"
"2026-08-01T09:39:35.8930258Z","/health","200","success","15"
"2026-08-01T09:39:35.8930258Z","/ready","200","success","30"
"2026-08-01T09:39:35.9090263Z","/health","200","success","16"
"2026-08-01T09:39:35.9090263Z","/ready","200","success","31"
"2026-08-01T09:39:35.9090263Z","/ready","200","success","16"
"2026-08-01T09:39:35.9240259Z","/ready","200","success","15"
"2026-08-01T09:39:35.9240259Z","/health","200","success","15"
"2026-08-01T09:39:35.9390258Z","/ready","200","success","15"
"2026-08-01T09:39:35.9390258Z","/health","200","success","15"
"2026-08-01T09:39:35.9540499Z","/ready","200","success","15"
"2026-08-01T09:39:35.9540499Z","/health","200","success","15"
"2026-08-01T09:39:35.9690827Z","/ready","200","success","15"
"2026-08-01T09:39:35.9690827Z","/health","200","success","15"
"2026-08-01T09:39:35.9850826Z","/ready","200","success","16"
"2026-08-01T09:39:35.9850826Z","/health","200","success","16"
"2026-08-01T09:39:36.0001268Z","/ready","200","success","15"
"2026-08-01T09:39:36.0001268Z","/health","200","success","15"
"2026-08-01T09:39:36.0161065Z","/ready","200","success","16"
"2026-08-01T09:39:36.0161065Z","/health","200","success","16"
"2026-08-01T09:39:36.0311217Z","/ready","200","success","15"
"2026-08-01T09:39:36.0311217Z","/health","200","success","15"
"2026-08-01T09:39:36.0461381Z","/ready","200","success","15"
"2026-08-01T09:39:36.0461381Z","/health","200","success","15"
"2026-08-01T09:39:36.0611384Z","/ready","200","success","15"
"2026-08-01T09:39:36.0611384Z","/health","200","success","15"
"2026-08-01T09:39:36.0761688Z","/ready","200","success","15"
"2026-08-01T09:39:36.0761688Z","/health","200","success","15"
"2026-08-01T09:39:36.0912033Z","/ready","200","success","15"
"2026-08-01T09:39:36.0912033Z","/health","200","success","15"
"2026-08-01T09:39:36.1062189Z","/ready","200","success","15"
"2026-08-01T09:39:36.1062189Z","/health","200","success","15"
"2026-08-01T09:39:36.1222411Z","/ready","200","success","16"
"2026-08-01T09:39:36.1222411Z","/health","200","success","16"
"2026-08-01T09:39:36.1369623Z","/ready","200","success","14"
"2026-08-01T09:39:36.1369623Z","/health","200","success","16"
"2026-08-01T09:39:36.1519796Z","/ready","200","success","15"
"2026-08-01T09:39:36.1519796Z","/health","200","success","15"
"2026-08-01T09:39:36.1671698Z","/ready","200","success","15"
"2026-08-01T09:39:36.1671698Z","/health","200","success","15"
"2026-08-01T09:39:36.1822071Z","/ready","200","success","15"
"2026-08-01T09:39:36.1822071Z","/health","200","success","15"
"2026-08-01T09:39:36.1982072Z","/ready","200","success","16"
"2026-08-01T09:39:36.1982072Z","/health","200","success","16"
"2026-08-01T09:39:36.2132441Z","/ready","200","success","15"
"2026-08-01T09:39:36.2132441Z","/health","200","success","15"
"2026-08-01T09:39:36.2282699Z","/ready","200","success","15"
"2026-08-01T09:39:36.2282699Z","/health","200","success","15"
"2026-08-01T09:39:36.2432703Z","/ready","200","success","15"
"2026-08-01T09:39:36.2432703Z","/health","200","success","15"
"2026-08-01T09:39:36.2592123Z","/ready","200","success","16"
"2026-08-01T09:39:36.2592123Z","/health","200","success","16"
"2026-08-01T09:39:36.2742308Z","/ready","200","success","15"
"2026-08-01T09:39:36.2742308Z","/health","200","success","15"
"2026-08-01T09:39:36.2901723Z","/ready","200","success","16"
"2026-08-01T09:39:36.2901723Z","/health","200","success","16"
"2026-08-01T09:39:36.3048076Z","/ready","200","success","14"
"2026-08-01T09:39:36.3048076Z","/health","200","success","15"
"2026-08-01T09:39:36.3198259Z","/ready","200","success","15"
"2026-08-01T09:39:36.3198259Z","/health","200","success","15"
"2026-08-01T09:39:36.3503023Z","/ready","200","success","30"
"2026-08-01T09:39:36.3503023Z","/health","200","success","30"
"2026-08-01T09:39:36.3653187Z","/ready","200","success","15"
"2026-08-01T09:39:36.3653187Z","/health","200","success","15"
"2026-08-01T09:39:36.3803361Z","/ready","200","success","15"
"2026-08-01T09:39:36.3803361Z","/health","200","success","15"
"2026-08-01T09:39:36.3953681Z","/ready","200","success","15"
"2026-08-01T09:39:36.3953681Z","/health","200","success","15"
"2026-08-01T09:39:36.4104003Z","/ready","200","success","15"
"2026-08-01T09:39:36.4104003Z","/health","200","success","15"
"2026-08-01T09:39:36.4254160Z","/ready","200","success","15"
"2026-08-01T09:39:36.4254160Z","/health","200","success","15"
"2026-08-01T09:39:36.4406079Z","/ready","200","success","15"
"2026-08-01T09:39:36.4406079Z","/health","200","success","15"
"2026-08-01T09:39:36.4560142Z","/ready","200","success","15"
"2026-08-01T09:39:36.4560142Z","/health","200","success","15"
"2026-08-01T09:39:36.4710249Z","/ready","200","success","15"
"2026-08-01T09:39:36.4710249Z","/health","200","success","15"
"2026-08-01T09:39:36.4860596Z","/ready","200","success","15"
"2026-08-01T09:39:36.4860596Z","/health","200","success","15"
"2026-08-01T09:39:36.5012780Z","/ready","200","success","15"
"2026-08-01T09:39:36.5012780Z","/health","200","success","15"
"2026-08-01T09:39:36.5170894Z","/ready","200","success","15"
"2026-08-01T09:39:36.5170894Z","/health","200","success","16"
"2026-08-01T09:39:36.5321222Z","/ready","200","success","15"
"2026-08-01T09:39:36.5321222Z","/health","200","success","15"
"2026-08-01T09:39:36.5476703Z","/ready","200","success","15"
"2026-08-01T09:39:36.5476703Z","/health","200","success","16"
"2026-08-01T09:39:36.5629374Z","/ready","200","success","15"
"2026-08-01T09:39:36.5629374Z","/health","200","success","15"
"2026-08-01T09:39:36.5776172Z","/ready","200","success","15"
"2026-08-01T09:39:36.5776172Z","/health","200","success","15"
"2026-08-01T09:39:36.5936544Z","/ready","200","success","16"
"2026-08-01T09:39:36.5936544Z","/health","200","success","16"
"2026-08-01T09:39:36.6086805Z","/ready","200","success","15"
"2026-08-01T09:39:36.6086805Z","/health","200","success","15"
"2026-08-01T09:39:36.6246805Z","/ready","200","success","16"
"2026-08-01T09:39:36.6246805Z","/health","200","success","16"
"2026-08-01T09:39:36.6397217Z","/ready","200","success","15"
"2026-08-01T09:39:36.6397217Z","/health","200","success","15"
"2026-08-01T09:39:36.6544842Z","/ready","200","success","14"
"2026-08-01T09:39:36.6544842Z","/health","200","success","15"
"2026-08-01T09:39:36.6694658Z","/ready","200","success","15"
"2026-08-01T09:39:36.6694658Z","/health","200","success","15"
"2026-08-01T09:39:36.6849339Z","/ready","200","success","15"
"2026-08-01T09:39:36.6849339Z","/health","200","success","15"
"2026-08-01T09:39:36.6999637Z","/ready","200","success","15"
"2026-08-01T09:39:36.6999637Z","/health","200","success","15"
"2026-08-01T09:39:36.7159936Z","/ready","200","success","16"
"2026-08-01T09:39:36.7159936Z","/health","200","success","16"
"2026-08-01T09:39:36.7310056Z","/ready","200","success","15"
"2026-08-01T09:39:36.7310056Z","/health","200","success","15"
"2026-08-01T09:39:36.7463281Z","/ready","200","success","15"
"2026-08-01T09:39:36.7463281Z","/health","200","success","15"
"2026-08-01T09:39:36.7613333Z","/ready","200","success","15"
"2026-08-01T09:39:36.7613333Z","/health","200","success","15"
"2026-08-01T09:39:36.7763334Z","/ready","200","success","15"
"2026-08-01T09:39:36.7763334Z","/health","200","success","15"
"2026-08-01T09:39:36.7913341Z","/ready","200","success","15"
"2026-08-01T09:39:36.7913341Z","/health","200","success","15"
"2026-08-01T09:39:36.8063329Z","/health","200","success","15"
"2026-08-01T09:39:36.8213348Z","/health","200","success","15"
"2026-08-01T09:39:36.8213348Z","/ready","200","success","30"
"2026-08-01T09:39:36.8223348Z","/ready","200","success","15"
"2026-08-01T09:39:36.8363327Z","/health","200","success","15"
"2026-08-01T09:39:36.8523329Z","/health","200","success","16"
"2026-08-01T09:39:36.8523329Z","/ready","200","success","31"
"2026-08-01T09:39:36.8673348Z","/health","200","success","15"
"2026-08-01T09:39:36.8673348Z","/ready","200","success","31"
"2026-08-01T09:39:36.8823327Z","/health","200","success","15"
"2026-08-01T09:39:36.8823327Z","/ready","200","success","30"
"2026-08-01T09:39:36.8983336Z","/health","200","success","16"
"2026-08-01T09:39:36.8983336Z","/ready","200","success","31"
"2026-08-01T09:39:36.8983336Z","/ready","200","success","16"
"2026-08-01T09:39:36.9293328Z","/ready","200","success","31"
"2026-08-01T09:39:36.9293328Z","/health","200","success","31"
"2026-08-01T09:39:36.9603328Z","/ready","200","success","31"
"2026-08-01T09:39:36.9603328Z","/health","200","success","31"
"2026-08-01T09:39:36.9753338Z","/ready","200","success","15"
"2026-08-01T09:39:36.9753338Z","/health","200","success","15"
"2026-08-01T09:39:36.9903338Z","/ready","200","success","15"
"2026-08-01T09:39:36.9903338Z","/health","200","success","15"
"2026-08-01T09:39:37.0053335Z","/ready","200","success","15"
"2026-08-01T09:39:37.0053335Z","/health","200","success","15"
"2026-08-01T09:39:37.0213337Z","/ready","200","success","16"
"2026-08-01T09:39:37.0223335Z","/health","200","success","16"
"2026-08-01T09:39:37.0363343Z","/ready","200","success","15"
"2026-08-01T09:39:37.0363343Z","/health","200","success","15"
"2026-08-01T09:39:37.0523344Z","/ready","200","success","16"
"2026-08-01T09:39:37.0523344Z","/health","200","success","16"
"2026-08-01T09:39:37.0683332Z","/ready","200","success","16"
"2026-08-01T09:39:37.0683332Z","/health","200","success","16"
"2026-08-01T09:39:37.0993334Z","/ready","200","success","31"
"2026-08-01T09:39:37.0993334Z","/health","200","success","31"
"2026-08-01T09:39:37.1003338Z","/ready","200","success","16"
"2026-08-01T09:39:37.1003338Z","/health","200","success","16"
"2026-08-01T09:39:37.1143327Z","/ready","200","success","15"
"2026-08-01T09:39:37.1143327Z","/health","200","success","15"
"2026-08-01T09:39:37.1303348Z","/ready","200","success","16"
"2026-08-01T09:39:37.1303348Z","/health","200","success","16"
"2026-08-01T09:39:37.1463344Z","/ready","200","success","16"
"2026-08-01T09:39:37.1463344Z","/health","200","success","16"
"2026-08-01T09:39:37.1613746Z","/ready","200","success","15"
"2026-08-01T09:39:37.1613746Z","/health","200","success","15"
"2026-08-01T09:39:37.1763332Z","/ready","200","success","15"
"2026-08-01T09:39:37.1763332Z","/health","200","success","15"
"2026-08-01T09:39:37.1913330Z","/ready","200","success","15"
"2026-08-01T09:39:37.1913330Z","/health","200","success","15"
"2026-08-01T09:39:37.2063328Z","/health","200","success","15"
"2026-08-01T09:39:37.2223342Z","/health","200","success","16"
"2026-08-01T09:39:37.2223342Z","/ready","200","success","31"
"2026-08-01T09:39:37.2223342Z","/ready","200","success","16"
"2026-08-01T09:39:37.2383330Z","/health","200","success","16"
"2026-08-01T09:39:37.2533338Z","/health","200","success","15"
"2026-08-01T09:39:37.2533338Z","/ready","200","success","31"
"2026-08-01T09:39:37.2693327Z","/health","200","success","16"
"2026-08-01T09:39:37.2693327Z","/ready","200","success","31"
"2026-08-01T09:39:37.2843326Z","/health","200","success","15"
"2026-08-01T09:39:37.2843326Z","/ready","200","success","31"
"2026-08-01T09:39:37.2843326Z","/ready","200","success","15"
"2026-08-01T09:39:37.3003334Z","/ready","200","success","16"
"2026-08-01T09:39:37.3003334Z","/health","200","success","16"
